timestamp,video_name,num_frames,sample_fps,avg_brightness,min_brightness,max_brightness,estimated_slouch_ratio,llm_feedback
2025-12-11T20:51:45.990028,bad_posture.mp4,10,1,60.24262939453124,57.7737548828125,62.8234619140625,0.0,"I analyzed the clip: average brightness ~60.2/255 and slouch ratio 0.00. The desk looks dim, so I would turn on the desk light, and I posture looks mostly steady to keep you comfortable."
2025-12-11T20:52:35.676271,low_light.mp4,10,1,42.486561054457525,41.19371911795626,42.87759212047939,0.0,"I analyzed the clip: average brightness ~42.5/255 and slouch ratio 0.00. The desk looks dim, so I would turn on the desk light, and I posture looks mostly steady to keep you comfortable."
2025-12-11T20:53:09.328166,low_light.mp4,10,1,42.486561054457525,41.19371911795626,42.87759212047939,0.0,"I analyzed the clip: average brightness ~42.5/255 and slouch ratio 0.00. The desk looks dim, so I would turn on the desk light, and I posture looks mostly steady to keep you comfortable."
2025-12-11T20:54:13.033287,low_light.mp4,10,1,42.486561054457525,41.19371911795626,42.87759212047939,0.0,"I analyzed the clip: average brightness ~42.5/255 and slouch ratio 0.00. The desk looks dim, so I would turn on the desk light, and I posture looks mostly steady to keep you comfortable."
2025-12-11T21:48:35.994498,low_light.mp4,30,3,42.45006680158397,40.831255913582844,43.06584774495374,1.0,"I analyzed the clip: average brightness ~42.5/255 and slouch ratio 1.00. The desk looks dim, so I would turn on the desk light, and I noticed frequent slouching and would send posture reminders to keep you comfortable.",fallback
2025-12-11T21:49:46.819006,bad_posture.mp4,30,3,60.345581868489596,57.7737548828125,63.232958984375,1.0,"I analyzed the clip: average brightness ~60.3/255 and slouch ratio 1.00. The desk looks dim, so I would turn on the desk light, and I noticed frequent slouching and would send posture reminders to keep you comfortable.",fallback
2025-12-11T21:49:59.985219,bad_posture.mp4,30,3,60.345581868489596,57.7737548828125,63.232958984375,1.0,"I analyzed the clip: average brightness ~60.3/255 and slouch ratio 1.00. The desk looks dim, so I would turn on the desk light, and I noticed frequent slouching and would send posture reminders to keep you comfortable.",fallback
2025-12-11T21:51:47.772174,20251211_1642_New Video_simple_compose_01kc7ntbpxede81bvyzh2pptn3.mp4,20,2,118.74663519965277,84.8080078125,136.85592447916667,1.0,"I analyzed the clip: average brightness ~118.7/255 and slouch ratio 1.00. The desk looks dim, so I would turn on the desk light, and I noticed frequent slouching and would send posture reminders to keep you comfortable.",fallback
2025-12-11T22:03:08.766749,bad_posture.mp4,10,1,60.24262939453124,57.7737548828125,62.8234619140625,1.0,"It looks like the lighting in this video is a bit dim, with an average brightness of around 60. I'd recommend adjusting the desk light to its brightest setting to provide more illumination.

As for posture, it seems like our user could use some reminders - the estimated slouch ratio is at 1.00! I'd send them a gentle alert to straighten up and take a break.",llm
2025-12-11T22:03:35.617012,20251211_1642_New Video_simple_compose_01kc7ntbpxede81bvyzh2pptn3.mp4,10,1,119.61228645833333,89.44690538194445,136.65421006944445,1.0,"It looks like the room is a bit dimly lit, with an average brightness of around 120. I'd consider adjusting the desk light to a slightly higher setting to provide more comfortable illumination.

Also, it seems like there's been some slouching going on - the estimated slouch ratio is at its maximum! As your Smart Desk Assistant, I'd send you a gentle reminder to straighten up and take a break.",llm
2025-12-11T22:04:09.203185,20251211_1642_New Video_simple_compose_01kc7ntbpxede81bvyzh2pptn3.mp4,10,1,119.61228645833333,89.44690538194445,136.65421006944445,1.0,"It looks like the room is a bit dimly lit, with an average brightness of around 120. I'd suggest adjusting the desk light to its brightest setting to provide more comfort for the user.

Also, it seems like the user has been slouching quite a bit - the estimated slouch ratio is at 1.00! I'd send a gentle posture alert reminder to encourage them to straighten up and take care of their back.",llm
2025-12-11T22:04:21.646723,bad_posture.mp4,10,1,60.24262939453124,57.7737548828125,62.8234619140625,1.0,"It looks like the room is a bit dimly lit, with an average brightness of around 60. I'd suggest adjusting the desk lamp to its brightest setting to provide more comfortable lighting for the user.

As for posture, it's clear that the person in the video has been slouching throughout the analysis - our estimated slouch ratio is at 1.00! I'd send a gentle reminder to straighten up and take a break to stretch their back and shoulders.",llm
2025-12-11T22:05:20.462877,20251211_1642_New Video_simple_compose_01kc7ntbpxede81bvyzh2pptn3.mp4,38,4,117.50878312317252,81.62880208333333,136.72284288194444,0.8421052631578947,"Based on my analysis, it looks like the room is quite bright with an average brightness of 117.5, which might be a bit harsh for comfortable working conditions. I'd suggest adjusting the desk light to a lower setting to create a more pleasant ambiance.

As for posture, the estimated slouch ratio is quite high at 0.84, indicating that the user may need some reminders to maintain good sitting habits. I'd send a gentle alert to remind them to straighten up and take a break to stretch!",llm
2025-12-11T22:06:36.667982,20251211_1642_New Video_simple_compose_01kc7ntbpxede81bvyzh2pptn3.mp4,38,4,117.50878312317252,81.62880208333333,136.72284288194444,0.8421052631578947,"The video looks cozy! The average brightness is around 117, which I'd consider a bit dim for optimal visibility. Considering the estimated slouch ratio of 0.84, it seems like the user might benefit from some reminders to maintain good posture - I'd send a gentle alert to encourage them to straighten up and take a break if needed!",llm
2025-12-11T22:07:25.188838,bad_posture.mp4,50,5,60.36066796875,57.7737548828125,63.310888671875,1.0,"It looks like the lighting in this video is a bit dim, with an average brightness of around 60.4 out of 255. I'd recommend adjusting the desk light to a slightly higher setting to brighten up the space.

As for posture, it's clear that the user has been slouching throughout the video - our estimated slouch ratio is a perfect 1.00! I'd send a gentle reminder to straighten up and take a break to stretch.",llm
2025-12-11T22:07:53.215973,low_light.mp4,50,5,42.44871530698067,40.88660376366695,43.08275402123633,1.0,"It looks like the room is a bit dimly lit, with an average brightness of around 42.4 out of 255. I'd recommend adjusting the desk lamp to a slightly higher setting to brighten up the space.

Also, it seems like the user might be slouching a bit - our estimated slouch ratio is at 1.00! As their Smart Desk Assistant, I'd send them a gentle reminder to straighten up and take a break if needed.",llm
2025-12-11T22:09:05.968623,20251211_1642_New Video_simple_compose_01kc7ntbpxede81bvyzh2pptn3.mp4,50,5,117.85317673611111,82.09079427083333,136.7020920138889,0.84,"Based on my analysis, it looks like the room is relatively bright with an average brightness of 117.9, which might be a bit too harsh for comfortable working conditions. I'd suggest adjusting the desk light to a lower setting to create a more pleasant ambiance.

As for posture, I've detected a slouch ratio of 0.84, which indicates that the user is leaning forward slightly. To encourage better posture, I'd send a gentle reminder to straighten up and take a short break to stretch.",llm
2025-12-11T22:10:26.326029,bad_posture.mp4,50,5,60.36066796875,57.7737548828125,63.310888671875,1.0,"It looks like the lighting in this video is a bit dim, with an average brightness of around 60.4. I'd suggest adjusting the desk light to a slightly higher setting to brighten up the space.

As for posture, it's clear that the user has been slouching throughout the entire video - our estimated slouch ratio is a perfect 1.00! I'd send a gentle reminder to straighten up and take a break to stretch.",llm
2025-12-11T22:14:11.404682,leaving_room.mp4,50,5,68.15571527777779,59.07057291666667,75.36438802083333,0.0,"""Looks like it's a bright day outside, but the room is still quite well-lit with an average brightness of 68.2. I'll keep the desk light at its current level to avoid overpowering the natural light. Since your slouch ratio is perfect (0.00), you're sitting up straight and comfortable - no posture reminders needed today!""",llm
2025-12-11T22:17:29.473723,day_light_sitting.mp4,50,5,117.85317673611111,82.09079427083333,136.7020920138889,0.84,"After reviewing the video, I notice that the lighting in this scene is a bit dim, with an average brightness of around 118 out of 255. This might be a good opportunity to subtly brighten up the space with some extra light from my built-in LED panel.

As for posture, it looks like our user has been sitting with a slouch ratio of about 0.84 - that's a bit higher than ideal! I'd send a gentle reminder to straighten up and take a stretch break to avoid any discomfort or fatigue.",llm
2025-12-11T22:17:59.715526,bad_posture.mp4,50,5,60.36066796875,57.7737548828125,63.310888671875,1.0,"It looks like the room is a bit dimly lit, with an average brightness of 60.4 out of 255. I'd suggest adjusting the desk lamp to a higher setting to brighten up the space.

As for posture, it appears that the user has been slouching throughout the analysis period, with an estimated slouch ratio of 1.00. I'd send a gentle reminder to straighten their back and take a break to stretch!",llm
2025-12-11T22:18:23.053375,day_light_sitting.mp4,50,5,117.85317673611111,82.09079427083333,136.7020920138889,0.84,"""Looks like the room is a bit dim, I'd suggest adjusting the desk light to around 150-160 brightness level to provide a comfortable glow. The estimated slouch ratio of 0.84 indicates that the user might be leaning forward a bit too much, so I'd send a gentle posture reminder to encourage them to straighten up and take a break.""",llm
2025-12-12T00:38:09.204761,scenario 1 natural light.mp4,50,5,117.85317673611111,82.09079427083333,136.7020920138889,0.84,"""Looks like the room is getting a bit dim, I'd recommend adjusting the desk lamp to around 150 brightness to compensate for the natural light outside. Also, it appears that the user might be slouching slightly, so I'd send a gentle reminder to straighten up and take a break if needed.""",llm
2025-12-12T00:38:25.237974,scenario 4 walking in room.mp4,50,5,68.15571527777779,59.07057291666667,75.36438802083333,0.0,"It looks like the room is nicely lit, with an average brightness of 68.2, which should be comfortable for most people. However, I might suggest adjusting the desk lamp to a slightly higher setting to take advantage of that natural light coming in from the window - it's currently at 75.4, so just a gentle boost would do the trick! As for posture, it looks like our user is sitting up straight with an estimated slouch ratio of 0.00, so no reminders needed today.",llm
2025-12-12T00:44:21.021748,scenario 1 natural light.mp4,10,1,119.61228645833333,89.44690538194445,136.65421006944445,1.0,"It looks like the natural light in this room is a bit dim, with an average brightness of around 120. I'd recommend adjusting the desk light to its brightest setting (136.7) to provide some extra illumination.

As for posture, it appears that the user has been slouching throughout the analysis period, with an estimated slouch ratio of 1.00. I'd send a gentle reminder to straighten up and take a break to stretch!",llm
2025-12-12T00:44:45.833825,scenario 2 bad_posture.mp4,50,5,60.36066796875,57.7737548828125,63.310888671875,1.0,"It looks like the room is a bit dimly lit, with an average brightness of around 60.4. I'd suggest adjusting the desk lamp to a slightly higher setting to provide more comfortable lighting for the user.

As for the posture, it's clear that the person has been slouching for quite some time - our estimated slouch ratio is at 1.00! I'd send a gentle reminder to straighten up and take a break to stretch their back and shoulders.",llm
2025-12-12T00:45:12.742144,scenario 3 slouch & low_light.mp4,50,5,42.44871530698067,40.88660376366695,43.08275402123633,1.0,"It looks like the lighting in this scenario is a bit dim, with an average brightness of around 42. I'd suggest adjusting the desk light to its brightest setting to provide more illumination.

Also, it appears that the user has slouched significantly, with an estimated slouch ratio of 1.00. I'd send a gentle posture reminder to encourage them to straighten up and maintain good ergonomics.",llm
2025-12-12T00:45:43.763436,scenario 4 walking in room.mp4,50,5,68.15571527777779,59.07057291666667,75.36438802083333,0.0,"Based on the video analysis, it looks like the room is moderately lit with an average brightness of 68.2. I'd consider adjusting the desk light to a slightly higher setting to ensure optimal visibility while working.

As for posture, the estimated slouch ratio is 0.00, which means you're sitting up straight and maintaining good posture! However, if you were to start slouching, I'd send a gentle reminder to adjust your position and take a break to stretch.",llm
2025-12-12T01:09:26.544300,scenario 1 natural light.mp4,50,5,117.85317673611111,82.09079427083333,136.7020920138889,0.84,"Based on the video analysis, it looks like the natural light in this scenario is a bit dim, with an average brightness of around 118. I'd recommend adjusting the desk light to its brightest setting (136.7) to provide more illumination for the user.

As for posture, the estimated slouch ratio is quite high at 0.84, which means it's likely time for some reminders to encourage good sitting habits! I'd send a gentle alert to the user suggesting they straighten up and take a break to stretch.",llm
2025-12-12T01:10:11.125628,scenario 2 bad_posture.mp4,50,5,60.36066796875,57.7737548828125,63.310888671875,1.0,"It looks like the room is a bit dimly lit, with an average brightness of around 60.4. I'd suggest adjusting the desk lamp to its brightest setting to provide more comfortable lighting for the user.

Also, it appears that the user has been sitting in a slouched position for quite some time, with an estimated slouch ratio of 1.00. I'd send a gentle reminder to straighten up and take a break to stretch their back and shoulders.",llm
2025-12-12T01:10:46.817523,scenario 3 slouch & low_light.mp4,50,5,42.44871530698067,40.88660376366695,43.08275402123633,1.0,"It looks like we've got a bit of a dim situation here! The average brightness is around 42, which might be a tad low for optimal comfort. I'd suggest adjusting the desk light to a slightly higher setting to brighten up the space.

As for posture, it appears our user has slouched quite a bit - estimated slouch ratio is at 1.00! I'd send a gentle reminder to straighten up and take a break to stretch those muscles.",llm
2025-12-12T01:11:26.471615,scenario 4 walking in room.mp4,50,5,68.15571527777779,59.07057291666667,75.36438802083333,0.0,"It looks like the room is nicely lit, with an average brightness of 68.2, which should be comfortable for most people. I wouldn't recommend adjusting the desk light in this case, as it's not too dim or bright. As for posture, since the estimated slouch ratio is 0.00, you're sitting up straight and good to go - no reminders needed!",llm
2025-12-12T01:17:31.631162,scenario 1 bad_posture.mp4,10,1,60.24262939453124,57.7737548828125,62.8234619140625,1.0,"It looks like the room is a bit dimly lit, with an average brightness of around 60. I'd suggest adjusting the desk lamp to its brightest setting (62.8) to provide more comfortable lighting.

As for posture, it's clear that the user has been slouching quite a bit - our estimated slouch ratio is at 1.00! I'd send a gentle reminder to straighten up and take a break to stretch.",llm
2025-12-12T01:18:20.297423,scenario 2 walking in room.mp4,10,1,68.2779822048611,59.43521267361111,74.38615451388888,0.9,"It looks like the room is moderately lit, with an average brightness of around 68.3. I'd suggest adjusting the desk lamp to a slightly higher setting to compensate for the ambient lighting.

Also, it seems like there's a high slouch ratio of 0.90, which indicates that the user might be leaning forward or sitting in a less-than-ideal position. I'd send a gentle posture reminder to encourage them to straighten up and take a break if needed!",llm
2025-12-12T01:19:27.731939,scenario 1 bad_posture.mp4,50,5,60.36066796875,57.7737548828125,63.310888671875,1.0,"It looks like the room is a bit dimly lit, with an average brightness of around 60.4. I'd recommend adjusting the desk lamp to brighten up the space and provide better visibility.

As for the user's posture, it appears they're slouching significantly, with an estimated slouch ratio of 1.00. I'd send a gentle reminder to straighten their back and maintain good posture to avoid any discomfort or strain.",llm
2025-12-12T01:20:04.633775,scenario 2 walking in room.mp4,50,5,68.15571527777779,59.07057291666667,75.36438802083333,0.0,"The room is nicely lit, with an average brightness of 68.2, which I'd consider just right - not too bright, but still plenty of illumination to work comfortably. As for posture, it looks like our user has been sitting up straight, with a slouch ratio of 0.00, so no reminders needed... yet!",llm
2025-12-12T01:20:45.452103,scenario 3 slouch & low_light.mp4,50,5,42.44871530698067,40.88660376366695,43.08275402123633,1.0,"It looks like the room is a bit dim, with an average brightness of around 42.4. I'd suggest adjusting the desk light to its brightest setting to provide more illumination.

Also, it appears that the user has slouched significantly, with an estimated slouch ratio of 1.00. I'd send a gentle posture reminder to encourage them to straighten up and take care of their back!",llm
2025-12-12T13:09:23.296635,scenario 2 walking in room.mp4,50,5,68.15571527777779,59.07057291666667,75.36438802083333,0.0,"Based on the video analysis, it looks like the room is moderately lit with an average brightness of 68.2. I'd suggest adjusting the desk light to a slightly higher setting to match the ambient lighting in the room.

As for posture, it's great to see that there was no slouching detected during this scenario! However, as a Smart Desk Assistant, my default behavior would be to send a gentle reminder to maintain good posture if I sensed any slight deviation from optimal alignment.",llm
2025-12-12T20:39:46.996308,scenario 2 walking in room.mp4,50,5,68.15571527777779,59.07057291666667,75.36438802083333,0.0,"""Looks like we've got a nice, comfortable brightness level in here - not too bright, but still plenty of light to see what's going on! And great news, it looks like our user is sitting up straight with an estimated slouch ratio of 0.00, so no posture reminders needed just yet. If I were controlling the desk lights, I'd probably adjust them to a slightly higher brightness level to make sure everything stays visible and comfortable.""",llm
2025-12-12T22:47:08.041916,WhatsApp Video 2025-12-12 at 5.46.08 PM.mp4,49,5,129.74178434050512,121.44892393867924,146.13825913915093,0.1836734693877551,"Based on the video analysis, it looks like the room is moderately lit with an average brightness of 129.7. I'd suggest adjusting the desk light to a slightly higher setting to provide more comfortable illumination.

As for posture, the estimated slouch ratio is relatively low at 0.18, but still indicates that the user could benefit from some reminders to maintain good sitting habits. I'd send a gentle alert to encourage them to straighten up and take a short break to stretch!",llm
2025-12-12T22:47:34.040009,WhatsApp Video 2025-12-12 at 5.46.08 PM.mp4,10,1,129.12334217767298,123.37002997248428,142.69267639544026,0.6,"It looks like the room is moderately lit, with an average brightness of 129.1. I'd suggest adjusting the desk lamp to a slightly brighter setting to ensure optimal visibility.

Also, it appears that there's a noticeable slouch ratio of 0.60, which might be causing some discomfort. I'd send a gentle posture reminder to encourage you to straighten up and maintain good ergonomics!",llm
2025-12-12T22:48:01.411852,WhatsApp Video 2025-12-12 at 5.46.08 PM.mp4,49,5,129.74178434050512,121.44892393867924,146.13825913915093,0.6122448979591837,"It looks like the room is moderately lit, with an average brightness of around 130. I'd suggest adjusting the desk light to a slightly higher setting to match the ambient light in the space.

As for posture, it appears that the user has been slouching at a ratio of about 61% - which is a bit above my recommended threshold. I'd send a gentle reminder to straighten up and take a brief stretch break to help them get back into good posture.",llm
2025-12-12T22:48:30.884636,WhatsApp Video 2025-12-12 at 5.46.08 PM.mp4,49,5,129.74178434050512,121.44892393867924,146.13825913915093,0.1836734693877551,"It looks like the room is moderately lit, with an average brightness of around 130. I'd suggest adjusting the desk light to a slightly higher setting to ensure optimal visibility for tasks.

As for posture, it appears that the user has been sitting up straight with a slouch ratio of only 0.18, which is great! However, as a precautionary measure, I'd send a gentle reminder to take a stretch break and maintain good posture throughout the day.",llm
2025-12-12T22:49:03.194181,WhatsApp Video 2025-12-12 at 5.46.08 PM.mp4,49,5,129.74178434050512,121.44892393867924,146.13825913915093,0.6122448979591837,"Based on the video analysis, it looks like the room is moderately lit with an average brightness of 129.7. I'd suggest adjusting the desk light to a slightly higher setting to provide more comfortable illumination.

Also, the estimated slouch ratio indicates that the user's posture could use some reminders to maintain good ergonomics. I'd send a gentle alert to encourage them to straighten up and take a break if needed!",llm
2025-12-12T22:50:00.163601,WhatsApp Video 2025-12-12 at 5.46.08 PM.mp4,49,5,129.74178434050512,121.44892393867924,146.13825913915093,0.6122448979591837,"It looks like the room is a bit dimly lit, with an average brightness of around 130. I'd suggest adjusting the desk lamp to brighten up the space.

As for posture, it seems like there's a moderate slouch ratio of 0.61, which might be worth reminding you about. I'd send a gentle alert to encourage you to straighten up and take a break if needed.",llm
2025-12-12T23:52:09.809744,WhatsApp Video 2025-12-12 at 5.46.08 PM.mp4,49,5,129.74178434050512,121.44892393867924,146.13825913915093,0.6122448979591837,"It looks like the room is moderately lit, with an average brightness of around 130, which might be a bit dim for optimal comfort. I'd suggest adjusting the desk light to a slightly higher setting to provide more illumination. Additionally, the estimated slouch ratio is quite high at 0.61, so I'd send a gentle reminder to straighten up and take a break to stretch!",llm
